Filename,ASSAT,ASSAT_pi,ASSAT_pi_Act,ASSAT_pi_ActT,,,
 A-2-afinput_exp_acyclic_depvary_step6_batch_yyy05.apx,1.48,1.08,1.24,1.08,,,
 A-2-afinput_exp_cycles_depvary_step4_batch_yyy01.apx,0.31,0.57,0.58,0.53,,,
 A-2-afinput_exp_cycles_depvary_step4_batch_yyy03.apx,0.48,0.73,0.68,0.68,,,
 A-2-afinput_exp_cycles_indvary1_step1_batch_yyy04.apx,0.22,0.68,0.53,0.53,,,
 A-2-afinput_exp_cycles_indvary3_step1_batch_yyy04.apx,0.23,0.68,0.68,0.73,,,
 A-3-afinput_exp_acyclic_depvary_step5_batch_yyy01.apx,0.64,0.93,0.88,0.89,,,
 A-3-afinput_exp_acyclic_depvary_step6_batch_yyy04.apx,1.04,0.94,1.14,0.93,,,
 A-3-afinput_exp_acyclic_indvary2_step2_batch_yyy10.apx,2.27,2.72,2.46,2.15,,,
 A-3-afinput_exp_cycles_depvary_step4_batch_yyy05.apx,2.01,1.64,1.69,1.54,,,
 A-3-afinput_exp_cycles_indvary1_step1_batch_yyy02.apx,1.01,1.03,1.13,0.99,,,
 A-3-afinput_exp_cycles_indvary1_step1_batch_yyy03.apx,0.78,0.63,0.63,0.63,,,
 A-3-afinput_exp_cycles_indvary1_step1_batch_yyy09.apx,1.02,0.98,1.08,0.98,,,
 A-3-afinput_exp_cycles_indvary1_step2_batch_yyy01.apx,1.08,1.58,1.29,1.14,,,
 A-3-afinput_exp_cycles_indvary1_step3_batch_yyy02.apx,0.94,0.88,0.98,0.88,,,
 A-3-afinput_exp_cycles_indvary2_step1_batch_yyy03.apx,1.24,1.54,1.49,1.18,,,
 A-3-afinput_exp_cycles_indvary2_step1_batch_yyy04.apx,1.58,1.64,1.8,1.64,,,
 A-3-afinput_exp_cycles_indvary2_step1_batch_yyy10.apx,1.79,1.59,1.8,1.59,,,
 A-4-afinput_exp_acyclic_depvary_step7_batch_yyy08.apx,3.12,3.11,3.31,3.23,,,
 A-4-afinput_exp_acyclic_depvary_step8_batch_yyy09.apx,3.24,2.91,3.81,2.91,,,
 A-4-afinput_exp_acyclic_indvary1_step2_batch_yyy07.apx,3.22,3.87,3.83,3.42,,,
 B-1-afinput_exp_acyclic_depvary_step5_batch_yyy08.apx,0.45,0.42,0.37,0.42,,,
 B-2-afinput_exp_acyclic_depvary_step8_batch_yyy09.apx,3.42,2.86,3.58,2.86,,,
 B-2-afinput_exp_acyclic_indvary2_step2_batch_yyy10.apx,2.04,2.15,2.42,2.1,,,
 B-2-afinput_exp_cycles_indvary2_step1_batch_yyy01.apx,2.31,2.05,2.2,2.1,,,
 B-2-afinput_exp_cycles_indvary2_step1_batch_yyy10.apx,1.23,1.64,1.65,1.59,,,
 B-3-afinput_exp_acyclic_depvary_step7_batch_yyy08.apx,3.12,3.11,4.23,3.16,,,
 C-2-afinput_exp_acyclic_depvary_step6_batch_yyy05.apx,1.43,0.98,1.23,1.04,,,
 C-2-afinput_exp_acyclic_indvary1_step2_batch_yyy07.apx,3.12,4.12,3.81,3.42,,,
 C-2-afinput_exp_cycles_depvary_step3_batch_yyy08.apx,1.21,1.39,1.34,1.34,,,
 C-2-afinput_exp_cycles_depvary_step4_batch_yyy05.apx,2.02,1.54,1.54,1.54,,,
 C-2-afinput_exp_cycles_indvary2_step1_batch_yyy01.apx,2.36,2.36,2.09,2.05,,,
 C-3-afinput_exp_acyclic_depvary_step7_batch_yyy08.apx,3.45,3.11,3.11,3.11,,,
 T-2-afinput_exp_acyclic_depvary_step5_batch_yyy03.apx,0.66,0.32,0.32,0.37,,,
 T-2-afinput_exp_cycles_depvary_step4_batch_yyy02.apx,0.78,0.68,0.68,0.73,,,
 T-2-afinput_exp_cycles_depvary_step4_batch_yyy03.apx,0.84,0.68,0.68,0.68,,,
 T-2-afinput_exp_cycles_indvary1_step1_batch_yyy07.apx,0.37,0.42,0.42,0.42,,,
 T-2-afinput_exp_cycles_indvary3_step1_batch_yyy04.apx,0.73,0.63,0.63,0.63,,,
 T-3-afinput_exp_acyclic_depvary_step6_batch_yyy04.apx,1.04,0.93,0.93,0.88,,,
 T-3-afinput_exp_acyclic_indvary1_step2_batch_yyy09.apx,2.1,2.01,1.95,1.94,,,
 T-3-afinput_exp_cycles_depvary_step3_batch_yyy08.apx,1.23,1.34,1.34,1.39,,,
 T-3-afinput_exp_cycles_depvary_step4_batch_yyy04.apx,1.14,1.14,1.19,1.13,,,
 T-3-afinput_exp_cycles_depvary_step4_batch_yyy05.apx,2.12,1.49,1.49,1.54,,,
 T-3-afinput_exp_cycles_indvary1_step1_batch_yyy02.apx,1.04,0.93,0.99,0.98,,,
 T-3-afinput_exp_cycles_indvary1_step1_batch_yyy03.apx,0.81,0.63,0.63,0.63,,,
 T-3-afinput_exp_cycles_indvary1_step2_batch_yyy01.apx,1.14,1.08,1.08,1.08,,,
 T-3-afinput_exp_cycles_indvary1_step3_batch_yyy02.apx,0.94,0.88,0.88,0.88,,,
 T-3-afinput_exp_cycles_indvary2_step1_batch_yyy03.apx,1.24,1.19,1.13,1.18,,,
 T-3-afinput_exp_cycles_indvary2_step1_batch_yyy04.apx,1.78,1.64,1.64,1.69,,,
 T-3-afinput_exp_cycles_indvary2_step1_batch_yyy10.apx,1.54,1.59,1.59,1.74,,,
 T-4-afinput_exp_acyclic_depvary_step7_batch_yyy08.apx,3.75,3.06,3.11,3.06,,,
 T-4-afinput_exp_acyclic_depvary_step8_batch_yyy09.apx,3.54,2.81,2.81,2.81,,,
 T-4-afinput_exp_acyclic_indvary1_step2_batch_yyy07.apx,3.76,3.32,3.31,3.32,,,
 b_10_10_10.apx,1200,1200,1200,1200,,,
 b_10_1_10.apx,1200,1200,1200,1200,,,
 b_10_2_10.apx,1200,1200,1200,1200,,,
 b_10_3_10.apx,1200,1200,1200,1200,,,
 b_10_4_10.apx,1200,1200,1200,1200,,,
 b_10_5_10.apx,1200,1200,1200,1200,,,
 b_10_6_10.apx,1200,1200,1200,1200,,,
 b_10_7_10.apx,1200,1200,1200,1200,,,
 b_10_8_10.apx,1200,1200,1200,1200,,,
 b_10_9_10.apx,1200,1200,1200,1200,,,
 b_5_10_10.apx,297.14,70.34,97.23,1200,,,
 b_5_10_6.apx,289.05,520.45,48.25,1200,,,
 b_5_10_7.apx,276.13,548.28,62.57,1200,,,
 b_5_10_8.apx,270.45,416.09,34.28,1200,,,
 b_5_10_9.apx,246.32,590.18,51.52,1200,,,
 b_5_1_10.apx,104.31,313.34,40.51,165.13,,,
 b_5_2_10.apx,194.05,173.27,70.05,146.23,,,
 b_5_2_6.apx,204.56,157.38,40.02,225.22,,,
 b_5_2_7.apx,163.57,219.22,76.19,134.83,,,
 b_5_2_8.apx,199.32,174.28,141.39,223.31,,,
 b_5_2_9.apx,167.78,161.19,100.23,198.84,,,
 b_5_3_10.apx,234.54,176.33,87.83,249.44,,,
 b_5_4_10.apx,223.64,344.55,30.26,301.03,,,
 b_5_4_6.apx,218.04,167.15,42.31,222.71,,,
 b_5_4_7.apx,230.14,183.45,41.28,309.55,,,
 b_5_4_8.apx,369.47,334.36,71.28,394.22,,,
 b_5_4_9.apx,222.42,257.33,34.29,303.18,,,
 b_5_5_10.apx,389.23,191.31,34.25,275.34,,,
 b_5_6_10.apx,249.35,219.27,49.27,261.27,,,
 b_5_6_6.apx,240.56,420.06,39.26,461.29,,,
 b_5_6_7.apx,171.12,294.19,56.19,468.36,,,
 b_5_6_8.apx,326.36,214.37,41.28,449.77,,,
 b_5_6_9.apx,258.32,188.27,27.28,491.29,,,
 b_5_7_10.apx,279.32,515.12,32.22,481.26,,,
 b_5_8_10.apx,1200,91.17,46.28,587.66,,,
 b_5_8_6.apx,237.17,181.03,34.25,1200,,,
 b_5_8_7.apx,529.03,368.29,34.17,487.23,,,
 b_5_8_8.apx,266.05,1200,34.28,489.16,,,
 b_5_8_9.apx,238.34,139.38,50.22,516.03,,,
 b_5_9_10.apx,243.27,365.37,58.64,568.21,,,
 b_6_10_10.apx,1200,354.18,232.47,1200,,,
 b_6_10_6.apx,1200,1200,104.44,1200,,,
 b_6_10_7.apx,1200,1200,117.28,1200,,,
 b_6_10_8.apx,1200,1200,98.02,1200,,,
 b_6_10_9.apx,1200,1200,134.37,1200,,,
 b_6_1_10.apx,494.23,1200,496.29,477.28,,,
 b_6_2_10.apx,422.36,467.83,499.29,1200,,,
 b_6_2_6.apx,1200,516.38,1200.35,576.22,,,
 b_6_2_7.apx,1200,522.16,225.51,555.18,,,
 b_6_2_8.apx,1200,391.04,507.18,544.38,,,
 b_6_2_9.apx,1200,1200,1200.14,1200,,,
 b_6_3_10.apx,1200,1200,1200.28,1200,,,
 b_6_4_10.apx,1200,298.31,228.07,1200,,,
 b_6_4_6.apx,1200,590.17,253.28,1200,,,
 b_6_4_7.apx,1200,1200,150.19,1200,,,
 b_6_4_8.apx,1200,547.24,383.29,1200,,,
 b_6_4_9.apx,1200,509.44,243.82,1200,,,
 b_6_5_10.apx,1200,538.29,519.73,1200,,,
 b_6_6_10.apx,1200,1200,164.33,1200,,,
 b_6_6_6.apx,1200,1200,156.83,1200,,,
 b_6_6_7.apx,1200,1200,278.52,1200,,,
 b_6_6_8.apx,1200,1200,140.37,1200,,,
 b_6_6_9.apx,1200,1200,160.44,1200,,,
 b_6_7_10.apx,1200,1200,155.2,1200,,,
 b_6_8_10.apx,1200,1200,154.26,1200,,,
 b_6_8_6.apx,1200,557.34,108.39,1200,,,
 b_6_8_7.apx,1200,1200,209.12,1200,,,
 b_6_8_8.apx,1200,1200,190.22,1200,,,
 b_6_8_9.apx,1200,1200,172.27,1200,,,
 b_6_9_10.apx,1200,1200,238.27,1200,,,
 b_7_10_10.apx,1200,1200,1200,1200,,,
 b_7_10_6.apx,1200,1200,1200,1200,,,
 b_7_10_7.apx,1200,1200,1200,1200,,,
 b_7_10_8.apx,1200,1200,1200,1200,,,
 b_7_10_9.apx,1200,1200,1200,1200,,,
 b_7_1_10.apx,1200,1200,1200,1200,,,
 b_7_2_10.apx,1200,1200,1200,1200,,,
 b_7_2_6.apx,1200,1200,1200,1200,,,
 b_7_2_7.apx,1200,1200,1200,1200,,,
 b_7_2_8.apx,1200,1200,1200,1200,,,
 b_7_2_9.apx,1200,1200,1200,1200,,,
 b_7_3_10.apx,1200,1200,1200,1200,,,
 b_7_4_10.apx,1200,1200,1200,1200,,,
 b_7_4_6.apx,1200,1200,1200,1200,,,
 b_7_4_7.apx,1200,1200,1200,1200,,,
 b_7_4_8.apx,1200,1200,1200,1200,,,
 b_7_4_9.apx,1200,1200,1200,1200,,,
 b_7_5_10.apx,1200,1200,1200,1200,,,
 b_7_6_10.apx,1200,1200,1200,1200,,,
 b_7_6_6.apx,1200,1200,1200,1200,,,
 b_7_6_7.apx,1200,1200,1200,1200,,,
 b_7_6_8.apx,1200,1200,1200,1200,,,
 b_7_6_9.apx,1200,1200,1200,1200,,,
 b_7_7_10.apx,1200,1200,1200,1200,,,
 b_7_8_10.apx,1200,1200,352.28,1200,,,
 b_7_8_6.apx,1200,1200,477.66,1200,,,
 b_7_8_7.apx,1200,1200,538.37,1200,,,
 b_7_8_8.apx,1200,1200,1200,1200,,,
 b_7_8_9.apx,1200,1200,1200,1200,,,
 b_7_9_10.apx,1200,1200,1200,1200,,,
 b_8_10_10.apx,1200,1200,1200,1200,,,
 b_8_10_6.apx,1200,1200,1200,1200,,,
 b_8_10_7.apx,1200,1200,1200,1200,,,
 b_8_10_8.apx,1200,1200,1200,1200,,,
 b_8_10_9.apx,1200,1200,1200,1200,,,
 b_8_1_10.apx,1200,1200,1200,1200,,,
 b_8_2_10.apx,1200,1200,1200,1200,,,
 b_8_2_6.apx,1200,1200,1200,1200,,,
 b_8_2_7.apx,1200,1200,1200,1200,,,
 b_8_2_8.apx,1200,1200,1200,1200,,,
 b_8_2_9.apx,1200,1200,1200,1200,,,
 b_8_3_10.apx,1200,1200,1200,1200,,,
 b_8_4_10.apx,1200,1200,1200,1200,,,
 b_8_4_6.apx,1200,1200,1200,1200,,,
 b_8_4_7.apx,1200,1200,1200,1200,,,
 b_8_4_8.apx,1200,1200,1200,1200,,,
 b_8_4_9.apx,1200,1200,1200,1200,,,
 b_8_5_10.apx,1200,1200,1200,1200,,,
 b_8_6_10.apx,1200,1200,1200,1200,,,
 b_8_6_6.apx,1200,1200,1200,1200,,,
 b_8_6_7.apx,1200,1200,1200,1200,,,
 b_8_6_8.apx,1200,1200,1200,1200,,,
 b_8_6_9.apx,1200,1200,1200,1200,,,
 b_8_7_10.apx,1200,1200,1200,1200,,,
 b_8_8_10.apx,1200,1200,1200,1200,,,
 b_8_8_6.apx,1200,1200,1200,1200,,,
 b_8_8_7.apx,1200,1200,1200,1200,,,
 b_8_8_8.apx,1200,1200,1200,1200,,,
 b_8_8_9.apx,1200,1200,1200,1200,,,
 b_8_9_10.apx,1200,1200,1200,1200,,,
 b_9_10_10.apx,1200,1200,1200,1200,,,
 b_9_10_6.apx,1200,1200,1200,1200,,,
 b_9_10_7.apx,1200,1200,1200,1200,,,
 b_9_10_8.apx,1200,1200,1200,1200,,,
 b_9_10_9.apx,1200,1200,1200,1200,,,
 b_9_1_10.apx,1200,1200,1200,1200,,,
 b_9_2_10.apx,1200,1200,1200,1200,,,
 b_9_2_6.apx,1200,1200,1200,1200,,,
 b_9_2_7.apx,1200,1200,1200,1200,,,
 b_9_2_8.apx,1200,1200,1200,1200,,,
 b_9_2_9.apx,1200,1200,1200,1200,,,
 b_9_3_10.apx,1200,1200,1200,1200,,,
 b_9_4_10.apx,1200,1200,1200,1200,,,
 b_9_4_6.apx,1200,1200,1200,1200,,,
 b_9_4_7.apx,1200,1200,1200,1200,,,
 b_9_4_8.apx,1200,1200,1200,1200,,,
 b_9_4_9.apx,1200,1200,1200,1200,,,
 b_9_5_10.apx,1200,1200,1200,1200,,,
 b_9_6_10.apx,1200,1200,1200,1200,,,
 b_9_6_6.apx,1200,1200,1200,1200,,,
 b_9_6_7.apx,1200,1200,1200,1200,,,
 b_9_6_8.apx,1200,1200,1200,1200,,,
 b_9_6_9.apx,1200,1200,1200,1200,,,
 b_9_7_10.apx,1200,1200,1200,1200,,,
 b_9_8_10.apx,1200,1200,1200,1200,,,
 b_9_8_6.apx,1200,1200,1200,1200,,,
 b_9_8_7.apx,1200,1200,1200,1200,,,
 b_9_8_8.apx,1200,1200,1200,1200,,,
 b_9_8_9.apx,1200,1200,1200,1200,,,
 b_9_9_10.apx,1200,1200,1200,1200,,,
 be_10_10_10.apx,1200,1200,1200,1200,,,
 be_10_1_10.apx,1200,1200,1200,1200,,,
 be_10_2_10.apx,1200,1200,1200,1200,,,
 be_10_3_10.apx,1200,1200,1200,1200,,,
 be_10_4_10.apx,1200,1200,1200,1200,,,
 be_10_5_10.apx,1200,1200,1200,1200,,,
 be_10_6_10.apx,1200,1200,1200,1200,,,
 be_10_7_10.apx,1200,1200,1200,1200,,,
 be_10_8_10.apx,1200,1200,1200,1200,,,
 be_10_9_10.apx,1200,1200,1200,1200,,,
 be_5_10_10.apx,240.14,60.34,45.33,335.26,,,
 be_5_10_6.apx,213.23,232.55,31.93,328.55,,,
 be_5_10_7.apx,140.55,66.28,35.06,361.73,,,
 be_5_10_8.apx,259.06,186.94,46.29,312.04,,,
 be_5_10_9.apx,147.34,141.17,38.37,371.17,,,
 be_5_1_10.apx,64.06,256.28,32.62,92.39,,,
 be_5_2_10.apx,85.37,64.38,40.86,143.02,,,
 be_5_2_6.apx,84.21,53.21,22.28,96.15,,,
 be_5_2_7.apx,121.34,60.18,25.66,95.28,,,
 be_5_2_8.apx,48.23,55.29,43.48,80.18,,,
 be_5_2_9.apx,107.67,57.18,40.73,81.27,,,
 be_5_3_10.apx,74.32,58.19,21.07,100.05,,,
 be_5_4_10.apx,147.24,72.29,23.19,197.29,,,
 be_5_4_6.apx,112.19,114.22,28.38,108.27,,,
 be_5_4_7.apx,89.34,75.28,32.16,163.04,,,
 be_5_4_8.apx,165.35,92.03,37.31,233.42,,,
 be_5_4_9.apx,94.46,70.72,22.31,105.29,,,
 be_5_5_10.apx,102.25,120.01,21.29,111.13,,,
 be_5_6_10.apx,124.32,36.12,28.24,214.28,,,
 be_5_6_6.apx,115.46,129.11,29.56,277.18,,,
 be_5_6_7.apx,216.74,194.27,29.73,309.38,,,
 be_5_6_8.apx,217.73,200.22,64.16,317.44,,,
 be_5_6_9.apx,201.18,76.73,28.18,274.2,,,
 be_5_7_10.apx,241.21,194.28,27.29,304.29,,,
 be_5_8_10.apx,263.19,215.21,36.21,352.73,,,
 be_5_8_6.apx,257.37,212.17,31.04,330.03,,,
 be_5_8_7.apx,265.45,89.27,34.12,307.39,,,
 be_5_8_8.apx,206.36,75.17,25.27,289.32,,,
 be_5_8_9.apx,243.32,325.33,27.28,335.25,,,
 be_5_9_10.apx,112.48,88.05,31.22,214.53,,,
 be_6_10_10.apx,1200,76.03,148.66,1200,,,
 be_6_10_6.apx,1200,554.31,68.73,1200,,,
 be_6_10_7.apx,1200,1200,169.29,1200,,,
 be_6_10_8.apx,1200,252.18,124.38,1200,,,
 be_6_10_9.apx,575.47,1200.67,141.29,1200,,,
 be_6_1_10.apx,204.35,555.21,78.88,226.27,,,
 be_6_2_10.apx,286.42,226.29,174.23,260.11,,,
 be_6_2_6.apx,565.74,200.47,356.21,441.28,,,
 be_6_2_7.apx,242.21,163.32,173.26,331.04,,,
 be_6_2_8.apx,319.28,159.82,226.36,234.28,,,
 be_6_2_9.apx,527.43,280.14,408.53,252.17,,,
 be_6_3_10.apx,1200,352.24,202.67,431.27,,,
 be_6_4_10.apx,547.27,457.25,248.63,445.26,,,
 be_6_4_6.apx,409.08,485.37,279.2,545.33,,,
 be_6_4_7.apx,1200,479.44,264.3,486.17,,,
 be_6_4_8.apx,350.24,463.71,406.09,480.22,,,
 be_6_4_9.apx,399.45,202.35,319.31,277.05,,,
 be_6_5_10.apx,1200,511.23,105.14,1200,,,
 be_6_6_10.apx,1200,522.22,230.03,1200,,,
 be_6_6_6.apx,1200,565.41,124.15,1200,,,
 be_6_6_7.apx,1200,512.16,207.66,1200,,,
 be_6_6_8.apx,1200,515.52,114.22,1200,,,
 be_6_6_9.apx,1200,537.18,162.82,1200,,,
 be_6_7_10.apx,581.35,522.03,159.29,1200,,,
 be_6_8_10.apx,1200,553.39,98.22,1200,,,
 be_6_8_6.apx,1200,1200,73.3,1200,,,
 be_6_8_7.apx,1200,541.32,167.15,1200,,,
 be_6_8_8.apx,1200,1200,203.32,1200,,,
 be_6_8_9.apx,1200,1200,112.31,1200,,,
 be_6_9_10.apx,1200,1200,72.22,1200,,,
 be_7_10_10.apx,1200,375.16,465.57,1200,,,
 be_7_10_6.apx,1200,1200,590.21,1200,,,
 be_7_10_7.apx,1200,1200,492.27,1200,,,
 be_7_10_8.apx,1200,1200,470.22,1200,,,
 be_7_10_9.apx,1200,1200,1200,1200,,,
 be_7_1_10.apx,1200,1200,317.21,1200,,,
 be_7_2_10.apx,1200,1200,1200,1200,,,
 be_7_2_6.apx,1200,1200,1200,1200,,,
 be_7_2_7.apx,1200,471.24,1200,1200,,,
 be_7_2_8.apx,1200,496.19,1200,1200,,,
 be_7_2_9.apx,1200,442.28,556.19,1200,,,
 be_7_3_10.apx,1200,1200,1200,1200,,,
 be_7_4_10.apx,1200,1200,342.06,1200,,,
 be_7_4_6.apx,1200,1200,1200,1200,,,
 be_7_4_7.apx,1200,1200,499.05,1200,,,
 be_7_4_8.apx,1200,1200,1200,1200,,,
 be_7_4_9.apx,1200,1200,1200,1200,,,
 be_7_5_10.apx,1200,1200,593.17,1200,,,
 be_7_6_10.apx,1200,1200,307.03,1200,,,
 be_7_6_6.apx,1200,1200,286.12,1200,,,
 be_7_6_7.apx,1200,1200,1200,1200,,,
 be_7_6_8.apx,1200,1200,1200,1200,,,
 be_7_6_9.apx,1200,1200,1200,1200,,,
 be_7_7_10.apx,1200,1200,1200,1200,,,
 be_7_8_10.apx,1200,1200,1200,1200,,,
 be_7_8_6.apx,1200,1200,1200,1200,,,
 be_7_8_7.apx,1200,1200,1200,1200,,,
 be_7_8_8.apx,1200,1200,1200,1200,,,
 be_7_8_9.apx,1200,1200,1200,1200,,,
 be_7_9_10.apx,1200,1200,1200,1200,,,
 be_8_10_10.apx,1200,1200,1200,1200,,,
 be_8_10_6.apx,1200,1200,1200,1200,,,
 be_8_10_7.apx,1200,1200,1200,1200,,,
 be_8_10_8.apx,1200,1200,1200,1200,,,
 be_8_10_9.apx,1200,1200,1200,1200,,,
 be_8_1_10.apx,1200,1200,1200,1200,,,
 be_8_2_10.apx,1200,1200,1200,1200,,,
 be_8_2_6.apx,1200,1200,1200,1200,,,
 be_8_2_7.apx,1200,1200,1200,1200,,,
 be_8_2_8.apx,1200,1200,1200,1200,,,
 be_8_2_9.apx,1200,1200,1200,1200,,,
 be_8_3_10.apx,1200,1200,1200,1200,,,
 be_8_4_10.apx,1200,1200,1200,1200,,,
 be_8_4_6.apx,1200,1200,1200,1200,,,
 be_8_4_7.apx,1200,1200,1200,1200,,,
 be_8_4_8.apx,1200,1200,1200,1200,,,
 be_8_4_9.apx,1200,1200,1200,1200,,,
 be_8_5_10.apx,1200,1200,1200,1200,,,
 be_8_6_10.apx,1200,1200,1200,1200,,,
 be_8_6_6.apx,1200,1200,1200,1200,,,
 be_8_6_7.apx,1200,1200,1200,1200,,,
 be_8_6_8.apx,1200,1200,1200,1200,,,
 be_8_6_9.apx,1200,1200,1200,1200,,,
 be_8_7_10.apx,1200,1200,1200,1200,,,
 be_8_8_10.apx,1200,1200,1200,1200,,,
 be_8_8_6.apx,1200,1200,1200,1200,,,
 be_8_8_7.apx,1200,1200,1200,1200,,,
 be_8_8_8.apx,1200,1200,1200,1200,,,
 be_8_8_9.apx,1200,1200,1200,1200,,,
 be_8_9_10.apx,1200,1200,1200,1200,,,
 be_9_10_10.apx,1200,1200,1200,1200,,,
 be_9_10_6.apx,1200,1200,1200,1200,,,
 be_9_10_7.apx,1200,1200,1200,1200,,,
 be_9_10_8.apx,1200,1200,1200,1200,,,
 be_9_10_9.apx,1200,1200,1200,1200,,,
 be_9_1_10.apx,1200,1200,1200,1200,,,
 be_9_2_10.apx,1200,1200,1200,1200,,,
 be_9_2_6.apx,1200,1200,1200,1200,,,
 be_9_2_7.apx,1200,1200,1200,1200,,,
 be_9_2_8.apx,1200,1200,1200,1200,,,
 be_9_2_9.apx,1200,1200,1200,1200,,,
 be_9_3_10.apx,1200,1200,1200,1200,,,
 be_9_4_10.apx,1200,1200,1200,1200,,,
 be_9_4_6.apx,1200,1200,1200,1200,,,
 be_9_4_7.apx,1200,1200,1200,1200,,,
 be_9_4_8.apx,1200,1200,1200,1200,,,
 be_9_4_9.apx,1200,1200,1200,1200,,,
 be_9_5_10.apx,1200,1200,1200,1200,,,
 be_9_6_10.apx,1200,1200,1200,1200,,,
 be_9_6_6.apx,1200,1200,1200,1200,,,
 be_9_6_7.apx,1200,1200,1200,1200,,,
 be_9_6_8.apx,1200,1200,1200,1200,,,
 be_9_6_9.apx,1200,1200,1200,1200,,,
 be_9_7_10.apx,1200,1200,1200,1200,,,
 be_9_8_10.apx,1200,1200,1200,1200,,,
 be_9_8_6.apx,1200,1200,1200,1200,,,
 be_9_8_7.apx,1200,1200,1200,1200,,,
 be_9_8_8.apx,1200,1200,1200,1200,,,
 be_9_8_9.apx,1200,1200,1200,1200,,,
 be_9_9_10.apx,1200,1200,1200,1200,,,
 e_10_10_10.apx,1200,1200,1200,1200,,,
 e_8_2_10.apx,1200,1200,1200,32.21,,,
 e_10_1_10.apx,1200,1200,1200,1200,,,
 e_10_2_10.apx,1200,1200,1200,1200,,,
 e_10_3_10.apx,1200,1200,1200,1200,,,
 e_10_4_10.apx,1200,1200,1200,1200,,,
 e_10_5_10.apx,1200,1200,1200,1200,,,
 e_10_6_10.apx,1200,1200,1200,1200,,,
 e_10_7_10.apx,1200,1200,1200,1200,,,
 e_10_8_10.apx,1200,1200,1200,1200,,,
 e_10_9_10.apx,1200,12.26,10.29,1200,,,
 e_5_10_10.apx,53.14,57.28,36.22,56.05,,,
 e_5_10_6.apx,46.33,24.02,23.39,48.33,,,
 e_5_10_7.apx,56.25,55.19,21.03,42.14,,,
 e_5_10_8.apx,53.05,33.04,36.66,112.28,,,
 e_5_10_9.apx,52.64,60.02,25.11,94.32,,,
 e_5_1_10.apx,50.14,16.12,16.15,9.06,,,
 e_5_2_10.apx,42.17,14.13,16.22,21.11,,,
 e_5_2_6.apx,46.34,15.23,17.05,20.25,,,
 e_5_2_7.apx,46.06,15.25,16.08,36.22,,,
 e_5_2_8.apx,38.03,15.62,16.12,16.21,,,
 e_5_2_9.apx,41.13,12.2,13.27,25.14,,,
 e_5_3_10.apx,31.02,13.12,20.07,26.27,,,
 e_5_4_10.apx,33.06,25.23,14.29,15.28,,,
 e_5_4_6.apx,50.13,15.04,16.39,33.37,,,
 e_5_4_7.apx,48.37,17.44,17.74,39.24,,,
 e_5_4_8.apx,25.27,22.26,15.76,32.22,,,
 e_5_4_9.apx,36.27,26.28,17.29,44.05,,,
 e_5_5_10.apx,52.83,24.81,23.52,43.39,,,
 e_5_6_10.apx,40.16,23.16,16.09,49.28,,,
 e_5_6_6.apx,45.19,25.36,18.48,44.38,,,
 e_5_6_7.apx,49.46,58.22,20.06,43.22,,,
 e_5_6_8.apx,46.83,23.11,27.29,42.05,,,
 e_5_6_9.apx,52.72,25.36,19.17,42.29,,,
 e_5_7_10.apx,44.29,41.37,30.39,48.53,,,
 e_5_8_10.apx,45.63,28.28,18.3,44.55,,,
 e_5_8_6.apx,65.38,27.31,24.31,43.31,,,
 e_5_8_7.apx,47.32,25.33,19.81,82.38,,,
 e_5_8_8.apx,49.18,31.66,28.33,83.38,,,
 e_5_8_9.apx,53.03,42.02,36.07,52.24,,,
 e_5_9_10.apx,46.12,42.12,52.18,242.44,,,
 e_6_10_10.apx,266.37,173.17,53.03,374.14,,,
 e_6_10_6.apx,202.16,193.03,86.11,257.23,,,
 e_6_10_7.apx,168.17,148.28,66.38,294.07,,,
 e_6_10_8.apx,271.12,156.29,67.21,378.29,,,
 e_6_10_9.apx,265.47,157.02,63.04,40.04,,,
 e_6_1_10.apx,200.29,35.29,40.33,94.14,,,
 e_6_2_10.apx,220.38,59.16,43.04,108.34,,,
 e_6_2_6.apx,128.03,57.02,37.18,41.48,,,
 e_6_2_7.apx,204.02,60.09,41.29,90.05,,,
 e_6_2_8.apx,141.14,57.19,43.11,66.17,,,
 e_6_2_9.apx,174.02,68.27,48.27,107.39,,,
 e_6_3_10.apx,181.14,61.25,73.63,111.03,,,
 e_6_4_10.apx,129.13,65.35,79.08,109.44,,,
 e_6_4_6.apx,187.03,60.33,46.38,102.15,,,
 e_6_4_7.apx,89.05,70.82,50.14,109.29,,,
 e_6_4_8.apx,169.27,68.27,52.44,109.38,,,
 e_6_4_9.apx,176.34,58.34,74.18,114.22,,,
 e_6_5_10.apx,128.32,68.33,47.22,118.53,,,
 e_6_6_10.apx,142.05,69.47,44.04,245.74,,,
 e_6_6_6.apx,135.38,64.22,82.29,114.27,,,
 e_6_6_7.apx,173.19,42.11,77.22,122.16,,,
 e_6_6_8.apx,90.52,69.04,66.41,115.39,,,
 e_6_6_9.apx,132.29,68.13,98.05,132.15,,,
 e_6_7_10.apx,99.17,105.07,78.29,139.19,,,
 e_6_8_10.apx,248.28,170.05,48.14,259.21,,,
 e_6_8_6.apx,137.19,156.18,54.15,348.66,,,
 e_6_8_7.apx,144.28,158.05,74.22,146.35,,,
 e_6_8_8.apx,275.04,167.06,51.05,244.55,,,
 e_6_8_9.apx,181.24,172.12,58.19,236.09,,,
 e_6_9_10.apx,294.46,144.25,157.22,1200,,,
 e_7_10_10.apx,1200,502.33,563.17,1200,,,
 e_7_10_6.apx,345.24,199.34,149.29,1200,,,
 e_7_10_7.apx,1200,463.27,252.13,1200,,,
 e_7_10_8.apx,1200,465.48,356.36,1200,,,
 e_7_10_9.apx,1200,432.16,220.2,112.48,,,
 e_7_1_10.apx,1200,163.28,180.11,323.55,,,
 e_7_2_10.apx,1200,172.38,164.17,317.37,,,
 e_7_2_6.apx,1200,172.18,158.25,324.55,,,
 e_7_2_7.apx,586.23,164.04,162.18,335.39,,,
 e_7_2_8.apx,1200,169.93,168.22,319.71,,,
 e_7_2_9.apx,1200,282.28,170.27,310.28,,,
 e_7_3_10.apx,1200,186.23,193.05,317.29,,,
 e_7_4_10.apx,1200,163.83,194.1,338.05,,,
 e_7_4_6.apx,1200,387.19,465.23,312.11,,,
 e_7_4_7.apx,411.15,174.03,183.03,305.51,,,
 e_7_4_8.apx,588.04,190.05,190.29,315.83,,,
 e_7_4_9.apx,430.16,175.12,195.07,1200,,,
 e_7_5_10.apx,1200,425.18,209.52,1200,,,
 e_7_6_10.apx,1200,391.39,208.2,1200,,,
 e_7_6_6.apx,1200,182.21,466.5,1200,,,
 e_7_6_7.apx,411.35,473.27,200.18,360.29,,,
 e_7_6_8.apx,1200,405.26,211.49,369.05,,,
 e_7_6_9.apx,1200,427.35,220.33,355.6,,,
 e_7_7_10.apx,1200,447.12,486.75,1200,,,
 e_7_8_10.apx,1200,470.27,220.07,1200,,,
 e_7_8_6.apx,540.27,428.36,219.12,1200,,,
 e_7_8_7.apx,1200,420.16,233.22,1200,,,
 e_7_8_8.apx,355.18,418.03,178.19,1200,,,
 e_7_8_9.apx,1200,416.08,361.35,1200,,,
 e_7_9_10.apx,1200,268.16,452.55,1200,,,
 e_8_10_10.apx,1200,1200,1200,1200,,,
 e_8_10_6.apx,1200,1200,1200,1200,,,
 e_8_10_7.apx,1200,1200,1200,1200,,,
 e_8_10_8.apx,1200,1200,1200,1200,,,
 e_8_10_9.apx,1200,1200,1200,1200,,,
 e_8_1_10.apx,1200,464.04,430.07,1200,,,
 e_8_2_6.apx,1200,1200,472.24,1200,,,
 e_8_2_7.apx,1200,482.33,474.44,1200,,,
 e_8_2_8.apx,1200,459.29,468.17,1200,,,
 e_8_2_9.apx,1200,465.05,476.66,1200,,,
 e_8_3_10.apx,1200,475.17,1200,1200,,,
 e_8_4_10.apx,1200,1200.37,562.36,1200,,,
 e_8_4_6.apx,1200,462.29,504.2,1200,,,
 e_8_4_7.apx,1200,523.03,1200,1200,,,
 e_8_4_8.apx,1200,1200,475.37,1200,,,
 e_8_4_9.apx,1200,488.34,1200,1200,,,
 e_8_5_10.apx,1200,1200,564.33,1200,,,
 e_8_6_10.apx,1200,1200,1200,1200,,,
 e_8_6_6.apx,1200,1200,579.21,1200,,,
 e_8_6_7.apx,1200,1200,1200,1200,,,
 e_8_6_8.apx,1200,1200,1200,1200,,,
 e_8_6_9.apx,1200,1200,1200,1200,,,
 e_8_7_10.apx,1200,1200,595.06,1200,,,
 e_8_8_10.apx,1200,1200,1200,1200,,,
 e_8_8_6.apx,1200,1200,574.14,1200,,,
 e_8_8_7.apx,1200,1200,1200,1200,,,
 e_8_8_8.apx,1200,1200,1200,1200,,,
 e_8_8_9.apx,1200,1200,1200,1200,,,
 e_8_9_10.apx,1200,1200,1200,1200,,,
 e_9_10_10.apx,1200,1200,1200,1200,,,
 e_9_10_6.apx,1200,1200,1200,1200,,,
 e_9_10_7.apx,1200,1200,1200,1200,,,
 e_9_10_8.apx,1200,1200,1200,1200,,,
 e_9_10_9.apx,1200,1200,1200,1200,,,
 e_9_1_10.apx,1200,1200,1200,1200,,,
 e_9_2_10.apx,1200,1200,1200,1200,,,
 e_9_2_6.apx,1200,1200,1200,1200,,,
 e_9_2_7.apx,1200,1200,1200,1200,,,
 e_9_2_8.apx,1200,1200,1200,1200,,,
 e_9_2_9.apx,1200,1200,1200,1200,,,
 e_9_3_10.apx,1200,1200,1200,1200,,,
 e_9_4_10.apx,1200,1200,1200,1200,,,
 e_9_4_6.apx,1200,1200,1200,1200,,,
 e_9_4_7.apx,1200,1200,1200,1200,,,
 e_9_4_8.apx,1200,1200,1200,1200,,,
 e_9_4_9.apx,1200,1200,1200,1200,,,
 e_9_5_10.apx,1200,1200,1200,1200,,,
 e_9_6_10.apx,1200,1200,1200,1200,,,
 e_9_6_6.apx,1200,1200,1200,1200,,,
 e_9_6_7.apx,1200,1200,1200,1200,,,
 e_9_6_8.apx,1200,1200,1200,1200,,,
 e_9_6_9.apx,1200,1200,1200,1200,,,
 e_9_7_10.apx,1200,1200,1200,1200,,,
 e_9_8_10.apx,1200,1200,1200,1200,,,
 e_9_8_6.apx,1200,1200,1200,1200,,,
 e_9_8_7.apx,1200,1200,1200,1200,,,
 e_9_8_8.apx,1200,1200,1200,1200,,,
 e_9_8_9.apx,1200,1200,1200,1200,,,
 e_9_9_10.apx,1200,1200,1200,1200,,,
 A-1-ER_100_100_1.apx,0.02,0.02,0.02,0.02,,,
 C-1-ER_100_100_3.apx,0.02,0.02,0.02,0.02,,,
 A-3-grd_8034_1_2.apx,1.21,1.44,1.71,1.39,,,
 A-4-grd_7891_3_9.apx,3.31,4.07,3.68,3.52,,,
 C-1-grd_8034_1_2.apx,1.49,1.4,1.44,1.39,,,
 T-2-grd_3434_3_2.apx,0.68,0.63,0.63,0.63,,,
 T-3-grd_8034_1_2.apx,1.57,1.39,1.39,1.39,,,
 T-4-grd_6756_4_7.apx,3.29,3.32,3.32,3.37,,,
 T-4-grd_8020_3_4.apx,3.26,3.67,3.72,3.72,,,
 Medium-result-b16.apx,0.55,0.22,0.22,0.22,,,
 Medium-result-b17.apx,0.44,0.22,0.17,0.22,,,
 Medium-result-b1.apx,0.71,0.32,0.32,0.32,,,
 Medium-result-b23.apx,0.92,0.37,0.37,0.37,,,
 Medium-result-b24.apx,0.81,0.42,0.42,0.43,,,
 Medium-result-b25.apx,0.4,0.22,0.22,0.22,,,
 Medium-result-b2.apx,0.65,0.37,0.37,0.37,,,
 Small-result-b28.apx,0.17,0.12,0.12,0.12,,,
 n256p5q2_e.apx,2.2,0.53,1.57,0.17,,,
 n256p3q08n.apx,70.81,0.04,208.45,11.25,,,
 n320p5q2_n.apx,36.56,0.83,14.33,0.17,,,
 n224p5q2_ve.apx,0.23,45.92,0.45,3.01,,,
 A-1-stb_291_2.apx,0.62,0.48,0.68,0.07,,,
 A-2-stb_422_250.apx,5.45,5.66,4.89,8.24,,,
 A-2-stb_428_430.apx,4.12,1.23,6.12,6.01,,,
 A-2-stb_547_485.apx,2.05,1.74,0.68,6.1,,,
 B-2-stb_287_202.apx,0.78,0.42,0.94,0.58,,,
 B-2-stb_291_2.apx,0.58,0.48,0.83,0.07,,,
 B-2-stb_330_291.apx,0.33,0.43,0.32,0.27,,,
 B-2-stb_410_118.apx,0.07,0.37,0.12,0.58,,,
 B-2-stb_625_161.apx,0.17,0.07,0.27,0.37,,,
 B-3-stb_327_100.apx,20.4,0.83,1.27,0.07,,,
 B-3-stb_339_393.apx,1.08,1.19,2.31,2.3,,,
 B-3-stb_380_405.apx,2.25,2,2.81,2.15,,,
 B-3-stb_390_450.apx,2.66,1.84,3.18,0.88,,,
 B-3-stb_428_430.apx,3.37,1.24,6.39,6,,,
 B-3-stb_430_209.apx,2.35,1.29,3.98,4.27,,,
 B-3-stb_457_193.apx,1.49,2.55,2.25,0.22,,,
 B-3-stb_522_11.apx,0.22,0.22,0.37,0.47,,,
 B-3-stb_590_330.apx,0.17,0.27,0.42,0.58,,,
 B-3-stb_696_368.apx,0.88,1.08,1.08,0.37,,,
 B-3-stb_696_412.apx,1.18,0.38,0.88,0.17,,,
 B-3-stb_763_492.apx,1.19,1.49,1.69,1.44,,,
 B-3-stb_767_429.apx,0.43,0.12,0.12,0.73,,,
 B-4-stb_547_485.apx,2,1.64,0.69,6.01,,,
 C-1-stb_373_251.apx,0.04,0.02,0.02,0.04,,,
 C-1-stb_463_93.apx,0.12,0.17,0.17,0.12,,,
 C-2-stb_304_352.apx,20.71,11.18,6.36,2.45,,,
 T-2-stb_265_466.apx,5.61,2.81,6.01,1.49,,,
 T-2-stb_339_81.apx,0.93,0.93,1.44,0.32,,,
 A-2-WS_300_16_70_30.apx,1.59,2.31,5.7,2.91,,,
 A-2-WS_300_16_90_30.apx,1.39,1.18,0.93,2.71,,,
 B-2-WS_200_20_90_50.apx,0.91,0.63,0.43,0.83,,,
 B-3-WS_300_16_70_30.apx,1.49,1.9,6.28,2.5,,,
 B-3-WS_300_16_90_30.apx,1.34,1.03,1.25,2.5,,,
 C-1-WS_200_28_70_10.apx,0.32,0.47,0.73,0.58,,,
